Agent,Time,Method,Resource,Version,Status

node-superagent/2.3.0,2017-08-30T22:00:47.501Z,GET,/,HTTP/1.1,200
node-superagent/2.3.0,2017-08-30T22:00:47.520Z,GET,/,HTTP/1.1,200
node-superagent/2.3.0,2017-08-30T22:00:47.529Z,GET,/,HTTP/1.1,200
node-superagent/2.3.0,2017-08-30T22:00:47.535Z,GET,/,HTTP/1.1,200
node-superagent/2.3.0,2017-08-30T22:00:47.536Z,GET,/,HTTP/1.1,200
node-superagent/2.3.0,2017-08-30T22:00:47.539Z,GET,/,HTTP/1.1,200
node-superagent/2.3.0,2017-08-30T22:00:47.541Z,GET,/,HTTP/1.1,200
node-superagent/2.3.0,2017-08-30T22:00:47.545Z,GET,/,HTTP/1.1,200
node-superagent/2.3.0,2017-08-30T22:00:47.549Z,GET,/logs,HTTP/1.1,200
node-superagent/2.3.0,2017-08-30T22:00:47.553Z,GET,/logs,HTTP/1.1,200
node-superagent/2.3.0,2017-08-30T22:06:17.076Z,GET,/,HTTP/1.1,200
node-superagent/2.3.0,2017-08-30T22:06:17.098Z,GET,/,HTTP/1.1,200
node-superagent/2.3.0,2017-08-30T22:06:17.102Z,GET,/,HTTP/1.1,200
node-superagent/2.3.0,2017-08-30T22:06:17.107Z,GET,/,HTTP/1.1,200
node-superagent/2.3.0,2017-08-30T22:06:17.109Z,GET,/,HTTP/1.1,200
node-superagent/2.3.0,2017-08-30T22:06:17.110Z,GET,/,HTTP/1.1,200
node-superagent/2.3.0,2017-08-30T22:06:17.113Z,GET,/,HTTP/1.1,200
node-superagent/2.3.0,2017-08-30T22:06:17.116Z,GET,/,HTTP/1.1,200
node-superagent/2.3.0,2017-08-30T22:06:17.118Z,GET,/logs,HTTP/1.1,200
node-superagent/2.3.0,2017-08-30T22:06:17.122Z,GET,/logs,HTTP/1.1,200
node-superagent/2.3.0,2017-08-30T22:07:21.541Z,GET,/,HTTP/1.1,200
node-superagent/2.3.0,2017-08-30T22:07:21.565Z,GET,/,HTTP/1.1,200
node-superagent/2.3.0,2017-08-30T22:07:21.569Z,GET,/,HTTP/1.1,200
node-superagent/2.3.0,2017-08-30T22:07:21.575Z,GET,/,HTTP/1.1,200
node-superagent/2.3.0,2017-08-30T22:07:21.577Z,GET,/,HTTP/1.1,200
node-superagent/2.3.0,2017-08-30T22:07:21.578Z,GET,/,HTTP/1.1,200
node-superagent/2.3.0,2017-08-30T22:07:21.581Z,GET,/,HTTP/1.1,200
node-superagent/2.3.0,2017-08-30T22:07:21.584Z,GET,/,HTTP/1.1,200
node-superagent/2.3.0,2017-08-30T22:07:21.586Z,GET,/logs,HTTP/1.1,200
node-superagent/2.3.0,2017-08-30T22:07:21.589Z,GET,/logs,HTTP/1.1,200
